<?xml version="1.0" encoding="UTF-8" standalone="yes"?>
<service serviceGroup="" cachable="false" cacheduration="" endpoint="default" groupType="" id="getCategories" passwordencrypted="false" security="authorized_app" type="plainxmlserviceConnector" smscode="" smsenabled="false">
    <service-config>
        <config-param api-version="" appid="" name="preprocessorname" value=""/>
        <config-param api-version="" appid="" name="postprocessorname" value=""/>
        <config-param api-version="" appid="" name="preprocessorJS" value=""/>
        <config-param api-version="" appid="" name="postprocessorJS" value=""/>
        <config-param api-version="" appid="" name="endpointUrl" value="http://api.remix.bestbuy.com/v1/categories(id=$categoryID)?apiKey=$key"/>
        <config-param api-version="" appid="" name="ignorehttpproxy" value="true"/>
        <config-param api-version="" appid="" name="http.method" value="GET"/>
        <config-param api-version="" appid="" name="dataObjectName" value=""/>
        <config-param api-version="" appid="" name="sockettimeout" value=""/>
        <config-param api-version="" appid="" name="responseEncoding" value="UTF-8"/>
        <config-param api-version="" appid="" name="isembedxmlpresent" value="false"/>
        <config-param api-version="" appid="" name="retrycount" value="0"/>
    </service-config>
    <service-input passthrough="false">
        <header datatype="" name="" passthrough="false"/>
        <param datatype="string" defaultvalue="cat00000" description="" encode="true" format="None" formatvalue="" name="categoryID" order="" passnull="false" sms-name="" src="request" sourcevalue="" srcformatvalue="" target="request" targetdatatype="java.lang.String" testvalue="abcat0101001" value="cat00000">
            <accessType></accessType>
        </param>
        <param datatype="string" defaultvalue="sdjvqsgy8dufawzjpgssz6ns" description="" encode="true" format="None" formatvalue="" name="key" order="" passnull="false" sms-name="" src="request" sourcevalue="" srcformatvalue="" target="request" targetdatatype="java.lang.String" testvalue="sdjvqsgy8dufawzjpgssz6ns" value="sdjvqsgy8dufawzjpgssz6ns">
            <accessType></accessType>
        </param>
    </service-input>
    <service-output passthrough="false">
        <dataset id="subCategories" order="" src="/categories/category/subCategories">
            <param datatype="string" defaultvalue="" description="" encode="true" format="None" formatvalue="" name="subCategoryID" order="" passnull="false" sms-name="" src="category/id" sourcevalue="" srcformatvalue="" target="response" targetdatatype="java.lang.String" testvalue="" value="">
                <accessType></accessType>
            </param>
            <param datatype="string" defaultvalue="" description="" encode="true" format="None" formatvalue="" name="subCategoryName" order="" passnull="false" sms-name="" src="category/name" sourcevalue="" srcformatvalue="" target="response" targetdatatype="java.lang.String" testvalue="" value="">
                <accessType></accessType>
            </param>
        </dataset>
        <param datatype="string" defaultvalue="" description="" encode="true" format="None" formatvalue="" name="categoryID" order="" passnull="false" sms-name="" src="/categories/category/id" sourcevalue="" srcformatvalue="" target="response" targetdatatype="java.lang.String" testvalue="" value="">
            <accessType></accessType>
        </param>
        <param datatype="string" defaultvalue="" description="" encode="true" format="None" formatvalue="" name="categoryName" order="" passnull="false" sms-name="" src="/categories/category/name" sourcevalue="" srcformatvalue="" target="response" targetdatatype="java.lang.String" testvalue="" value="">
            <accessType></accessType>
        </param>
    </service-output>
</service>
